map_id,git_blob_sha,width,height,channels,png_time_utc,gimp_itxt_comment,black_pixels,white_pixels,red_pixels,blue_pixels,green_pixels,yellow_pixels,other_pixels,first_pixel_rgb,alpha_nonopaque,crc_verified,krp_first_commit
0,7e530c534521b70c6c7c86b11635efa5ea68553e,16,16,3,,,151,84,4,4,8,4,1,255 0 255,0,true,2d35f665917c86691936d49079424521da6d80b6
1,a2b5f49f5f0f1364ea1ac684858b604d0eda5cc8,17,17,3,2016-05-16T07:18:57Z,Created with GIMP,209,50,9,9,4,8,0,0 0 0,0,true,2d35f665917c86691936d49079424521da6d80b6
2,eaa5c9926a75df42e4297d8929930ae65e91cb05,28,28,3,2016-05-16T07:19:15Z,Created with GIMP,703,56,8,8,4,4,1,255 0 255,0,true,2d35f665917c86691936d49079424521da6d80b6
3,c966f8ddd9df0d91ac4902fb4040b1d8705f4289,17,17,4,2016-04-25T04:01:07Z,Created with GIMP,207,36,41,0,5,0,0,255 0 0,0,true,2d35f665917c86691936d49079424521da6d80b6
4,4e9496d873a2e983b22981d30f3edf75cb797c2f,18,18,3,2016-05-16T07:19:45Z,Created with GIMP,247,40,14,14,4,4,1,255 0 255,0,true,2d35f665917c86691936d49079424521da6d80b6
5,8a0af5b6a9b2f30b1bdbec7132f2ebf7224a2b65,18,18,4,2016-05-13T02:51:52Z,Created with GIMP,231,70,17,0,4,0,2,255 0 0,0,true,2d35f665917c86691936d49079424521da6d80b6
6,9f878cdb7b9ac8d7e6760d9bdebd9acf70688895,17,17,3,2016-05-16T07:17:32Z,Created with GIMP,193,48,13,13,6,16,0,0 0 0,0,true,2d35f665917c86691936d49079424521da6d80b6
7,01b858ee6d54c68d19551b45bd2ff9b490e2600a,13,13,3,2016-04-08T23:56:13Z,Created with GIMP,127,24,16,1,0,0,1,255 100 255,0,true,2d35f665917c86691936d49079424521da6d80b6
8,52bb885a84dd244292f891b897107e231f9d8ffd,23,23,4,2016-08-03T03:56:27Z,Created with GIMP,447,69,8,0,4,0,1,255 255 100,0,true,2d35f665917c86691936d49079424521da6d80b6
9,a146c182e8dd1c37858859df3816e376b4c29339,17,17,4,2016-08-03T03:56:50Z,Created with GIMP,204,72,8,0,4,0,1,255 255 100,0,true,2d35f665917c86691936d49079424521da6d80b6
10,1da087d45923d737efbe9ea9adc3564d73d3b185,19,19,3,2016-05-16T07:17:53Z,Created with GIMP,256,68,14,14,4,5,0,0 0 0,0,true,2d35f665917c86691936d49079424521da6d80b6
11,347759e288a292cff35eeefbe73b35aad17ed5e1,15,15,3,2016-05-13T02:36:55Z,Created with GIMP,159,44,20,1,0,0,1,255 100 255,0,true,2d35f665917c86691936d49079424521da6d80b6
12,be82a0f197d2be4bc26392f91db2c6c905d2bd0c,20,20,3,2016-05-16T07:18:14Z,Created with GIMP,297,76,9,9,4,4,1,255 0 255,0,true,2d35f665917c86691936d49079424521da6d80b6
13,4d8118ad3ed5ba1230dfe8848aa143252920452b,21,21,3,2016-05-16T07:16:40Z,Created with GIMP,362,50,12,12,4,0,1,100 255 255,0,true,2d35f665917c86691936d49079424521da6d80b6
14,adf7665b2ed3495ffdae1e0a899f98b179642354,16,16,3,2016-06-17T07:22:30Z,Created with GIMP,188,40,10,10,4,4,0,0 0 0,0,true,2d35f665917c86691936d49079424521da6d80b6
15,4aa785ab450a422618986a21668f83ff5aed6e35,15,15,3,2016-06-17T07:50:38Z,Created with GIMP,173,36,6,6,4,0,0,0 0 0,0,true,2d35f665917c86691936d49079424521da6d80b6
16,a8706d387e696f978a4d57d0b912cbf5d7dead50,15,15,3,2016-06-16T05:32:57Z,Created with GIMP,168,32,20,0,4,0,1,128 255 128,0,true,2d35f665917c86691936d49079424521da6d80b6
17,62148d08d245ae2485718c6ea7333b18c9fd909c,17,17,3,2016-06-17T06:46:34Z,Created with GIMP,206,60,7,7,4,5,0,0 0 0,0,true,2d35f665917c86691936d49079424521da6d80b6
18,5aedc3094e6601bacae79ac486bf5f92b9bdc393,18,18,4,2016-06-17T06:51:53Z,Created with GIMP,235,64,21,0,4,0,0,255 0 0,0,true,2d35f665917c86691936d49079424521da6d80b6
19,3c82338dc9310a204161a56772b85b54af6f5ecd,16,16,3,2016-06-17T07:32:39Z,Created with GIMP,200,36,6,6,4,4,0,0 0 0,0,true,2d35f665917c86691936d49079424521da6d80b6
20,1652d60157e91693d8ff0a991ff595b1b0bb442a,16,16,3,2016-06-26T07:19:33Z,Created with GIMP,212,36,2,2,0,4,0,0 0 0,0,true,2d35f665917c86691936d49079424521da6d80b6
21,5e976619adaf16af367ed685b4d026dd4767a19e,19,19,3,2016-06-26T07:06:23Z,Created with GIMP,248,76,36,1,0,0,0,0 0 0,0,true,2d35f665917c86691936d49079424521da6d80b6
22,c1a9a48f1b36138295d0adcd0503fc2bf0b48ce6,18,18,3,2016-06-30T12:11:42Z,Created with GIMP,268,44,4,4,0,4,0,0 0 0,0,true,2d35f665917c86691936d49079424521da6d80b6
23,c8275221c3ac1db4b5b6afb39bbc81e8ce3ca1eb,20,20,3,2016-08-03T04:01:53Z,Created with GIMP,326,66,2,2,0,4,0,0 0 0,0,true,2d35f665917c86691936d49079424521da6d80b6
